company_id,project_id,name,phone,street,city,state,zip,country,date_created
80153,47266,3QC,,,,,,,10/28/2025
83184,47266,Bagatelos Architectural Glass,,,,,,,01/21/2026
26347,47266,Balfour Beatty,,,,,,,10/17/2019
9004,47266,CriticalArc,,,,,,,08/28/2016
83185,47266,Elite Landscape,,,,,,,01/21/2026
14565,47266,Field Verified,,,,,,,10/13/2017
86354,47266,Heritage Doors and Gates,,,,,,,03/23/2026
55084,47266,"Kitchell CEM, Inc.",,,,,,,09/28/2023
83186,47266,Kodiak Roofing,,,,,,,01/21/2026
83187,47266,L&H AirCo,,,,,,,01/21/2026
36644,47266,Lawson Mechanical,,,,,,,05/17/2021
80155,47266,Parsons-Vanir,,,,,,,10/28/2025
83188,47266,Royal Electric,,,,,,,01/21/2026
